{
  "parameters": {
    "timestamp": "06031131",
    "algorithm": "wcett_lb_pre",
    "topology": "small",
    "duration": 180,
    "Congestion threshold": 0.5,
    "Load-balancing threshold": 0.4,
    "loads": [
      5,
      10,
      20,
      30,
      35
    ]
  },
  "results": {
    "er": [
      0.33333333333333337,
      0.3888888888888889,
      0.6944444444444444,
      6.7592592592592595,
      19.444444444444446
    ],
    "throughput": [
      40.41901266727821,
      80.75382469387345,
      160.8014966035454,
      225.45951685236076,
      227.99186112607538
    ],
    "tx": [
      1.815328584732685,
      1.713466374221223,
      1.9378511027356127,
      1.9854054210912861,
      1.9897542648597304
    ]
  }
}