{
  "parameters": {
    "timestamp": "05211113",
    "topology": "big",
    "duration": 180,
    "loads": [
      5,
      10,
      20,
      30,
      35
    ]
  },
  "hop_count": {
    "er": [
      0.33333333333333337,
      0.4444444444444444,
      0.3055555555555556,
      13.740740740740739,
      22.523809523809526
    ],
    "throughput": [
      40.58731974433449,
      81.03652718297216,
      162.11840429670252,
      210.564553799631,
      221.21333733009172
    ],
    "delay": [
      0.796806987445623,
      0.8150801307388714,
      0.8095205132427837,
      0.7608444526401289,
      0.7365899385914552
    ]
  },
  "wcett": {
    "er": [
      0.4444444444444444,
      0.5,
      35.628991946681474,
      56.03703703703704,
      60.63492063492063
    ],
    "throughput": [
      40.71493115387437,
      81.45559171396685,
      105.30114434140326,
      107.90662235015604,
      112.66706712331046
    ],
    "delay": [
      0.3100984181676592,
      0.31233342608415104,
      0.2976261825783691,
      0.29967310675674863,
      0.31597827028843667
    ]
  },
  "wcett_lb_post": {
    "er": [
      1.1111111111111112,
      0.5,
      12.055555555555555,
      26.27777777777778,
      20.174603174603174
    ],
    "throughput": [
      40.4895568305321,
      81.43616688429876,
      143.2417251645972,
      179.98724690286798,
      227.80197093218092
    ],
    "delay": [
      0.31508521926536986,
      0.31609207488251156,
      0.6028124255164092,
      0.6207158814659971,
      0.584069521722511
    ]
  },
  "wcett_lb_pre": {
    "er": [
      0.0,
      0.5,
      19.416666666666664,
      41.7962962962963,
      41.698412698412696
    ],
    "throughput": [
      40.94329690745459,
      81.40113843973995,
      130.19351226923268,
      142.24885102944918,
      166.45217874897958
    ],
    "delay": [
      0.3069341736369663,
      0.30697378640997547,
      0.46950085834567606,
      0.44188278350259635,
      0.4323409226815057
    ]
  }
}