{
  "parameters": {
    "timestamp": "06031012",
    "algorithm": "wcett_lb_post",
    "topology": "big",
    "duration": 180,
    "Congestion threshold": 0.5,
    "Load-balancing threshold": 0.7,
    "loads": [
      5,
      10,
      20,
      30,
      35
    ]
  },
  "results": {
    "er": [
      0.2222222222222222,
      0.6666666666666667,
      0.8055555555555556,
      26.592592592592588,
      39.76821717732973
    ],
    "throughput": [
      40.374983105098266,
      80.05679017910606,
      159.7747206315897,
      176.77300779973987,
      169.98970410793137
    ],
    "tx": [
      2.340456341847545,
      2.201709354483841,
      2.374500911130988,
      2.3369777299441195,
      2.2503075687647747
    ]
  }
}