{
  "parameters": {
    "timestamp": "05211011",
    "topology": "small",
    "duration": 180,
    "loads": [
      5,
      10,
      20,
      30,
      35
    ],
    "delta": 2
  },
  "hop_count": {
    "er": [
      0.4444444444444444,
      0.5,
      8.11111111111111,
      37.666666666666664,
      46.58730158730159
    ],
    "throughput": [
      40.62931364282305,
      80.41843342696883,
      148.48535657037377,
      151.35212420044041,
      151.06409103878212
    ],
    "delay": [
      1.0772248450666666,
      1.08089580727582,
      1.1090012910576512,
      1.071217579920945,
      1.0691264457901024
    ]
  },
  "wcett": {
    "er": [
      0.4444444444444444,
      0.16666666666666669,
      19.18911413496251,
      42.42592592592593,
      55.92063492063492
    ],
    "throughput": [
      40.696780171757,
      81.64002736435731,
      132.02629809713045,
      141.1057784273805,
      126.05577375121302
    ],
    "delay": [
      0.4680147413164377,
      0.4694060385061358,
      0.4792827033504997,
      0.4928197135262721,
      0.533467523820717
    ]
  },
  "wcett_lb_post": {
    "er": [
      0.33333333333333337,
      0.2777777777777778,
      4.916666666666666,
      22.833333333333332,
      29.666666666666668
    ],
    "throughput": [
      40.742420048365574,
      81.48544968524509,
      155.03972139356242,
      189.12841329356746,
      200.34648976807566
    ],
    "delay": [
      0.46985998334427476,
      0.47261432658330976,
      0.7313927861636332,
      0.7299963819743175,
      0.7294466830193123
    ]
  },
  "wcett_lb_pre": {
    "er": [
      0.6666666666666667,
      0.2222222222222222,
      10.222222222222223,
      37.333333333333336,
      46.41269841269841
    ],
    "throughput": [
      40.60411923905842,
      81.61501976159535,
      144.99197143055332,
      152.22985365118745,
      151.53340967430026
    ],
    "delay": [
      0.48263366963772697,
      0.4831879007524265,
      1.0620961946868661,
      1.0716906498509942,
      1.070678624284776
    ]
  }
}