{
  "parameters": {
    "timestamp": "06031059",
    "algorithm": "wcett_lb_post",
    "topology": "small",
    "duration": 180,
    "Congestion threshold": 0.5,
    "Load-balancing threshold": 0.1,
    "loads": [
      5,
      10,
      20,
      30,
      35
    ]
  },
  "results": {
    "er": [
      0.5555555555555556,
      0.33333333333333337,
      0.8333333333333334,
      6.518518518518518,
      20.393588319314397
    ],
    "throughput": [
      40.32547060138075,
      80.51304665995904,
      159.93261239667163,
      226.78330984286134,
      224.76670610366264
    ],
    "tx": [
      1.7053620799293732,
      1.8442613431309645,
      1.9680471089707703,
      1.9855966297363516,
      2.0507113351300954
    ]
  }
}