{
  "parameters": {
    "timestamp": "06030853",
    "algorithm": "wcett_lb_pre",
    "topology": "small",
    "duration": 180,
    "Congestion threshold": 0.5,
    "Load-balancing threshold": 0.7,
    "loads": [
      5,
      10,
      20,
      30,
      35
    ]
  },
  "results": {
    "er": [
      0.33333333333333337,
      0.5,
      1.2496528742016106,
      9.37037037037037,
      20.873015873015873
    ],
    "throughput": [
      40.482003155784376,
      80.63628948105293,
      159.90102013749615,
      219.3173667201851,
      224.43890363050028
    ],
    "tx": [
      1.8427594228997544,
      1.739402045090727,
      2.0285462589580376,
      1.9840390903393395,
      1.9796278628805575
    ]
  }
}