{
  "parameters": {
    "timestamp": "06030924",
    "algorithm": "wcett_lb_pre",
    "topology": "big",
    "duration": 180,
    "Congestion threshold": 0.5,
    "Load-balancing threshold": 0.7,
    "loads": [
      5,
      10,
      20,
      30,
      35
    ]
  },
  "results": {
    "er": [
      0.4444444444444444,
      0.5555555555555556,
      4.166666666666666,
      24.72222222222222,
      39.74603174603175
    ],
    "throughput": [
      40.3526986455149,
      80.13607606401166,
      154.6763753142329,
      182.21705411176342,
      169.2527631078048
    ],
    "tx": [
      2.3427604271897247,
      2.273840367327855,
      2.4409769355386928,
      2.3025244219569996,
      2.313362117750753
    ]
  }
}