{
  "parameters": {
    "timestamp": "06031028",
    "algorithm": "wcett_lb_pre",
    "topology": "small",
    "duration": 180,
    "Congestion threshold": 0.5,
    "Load-balancing threshold": 0.1,
    "loads": [
      5,
      10,
      20,
      30,
      35
    ]
  },
  "results": {
    "er": [
      0.33333333333333337,
      0.6111111111111112,
      0.8333333333333334,
      6.870370370370369,
      19.631804475480084
    ],
    "throughput": [
      40.370097695358126,
      80.38172473357231,
      160.16685255820414,
      225.9379437085148,
      227.00397529696212
    ],
    "tx": [
      1.844042369753222,
      2.0426435511894505,
      1.9907577566072052,
      1.9993611375293288,
      2.001235259040649
    ]
  }
}