{
  "parameters": {
    "timestamp": "05221026",
    "topology": "big",
    "duration": 180,
    "loads": [
      5,
      10,
      20,
      30,
      35
    ],
    "delta": 1
  },
  "hop_count": {
    "er": [
      0.4444444444444444,
      0.16666666666666669,
      0.25,
      13.240740740740742,
      25.380952380952383
    ],
    "throughput": [
      40.74181010005365,
      81.25081487226325,
      162.20173080602655,
      212.40796116789045,
      212.3838843645503
    ],
    "delay": [
      0.7834748796054295,
      0.8156747483649914,
      0.8155294596667544,
      0.7560418588501921,
      0.7395530266854083
    ]
  },
  "wcett": {
    "er": [
      0.5555555555555556,
      0.5555555555555556,
      39.08333333333333,
      57.46296296296296,
      61.730158730158735
    ],
    "throughput": [
      40.73063605154826,
      81.31915910686698,
      99.71171782336636,
      104.41828339829685,
      109.5450461146341
    ],
    "delay": [
      0.3300231869660276,
      0.3309196678619811,
      0.3182161902381142,
      0.31223731483124006,
      0.3227631826214848
    ]
  },
  "wcett_lb_post": {
    "er": [
      0.1111111111111111,
      0.2222222222222222,
      8.38888888888889,
      15.88888888888889,
      39.44444444444444
    ],
    "throughput": [
      40.896132194267565,
      81.60223935382356,
      149.19856072840165,
      206.22796744537177,
      161.30175955340127
    ],
    "delay": [
      0.326799267258607,
      0.32589280021217193,
      0.5553765386577951,
      0.5796124378210225,
      0.542039286012262
    ]
  },
  "wcett_lb_pre": {
    "er": [
      0.1111111111111111,
      0.4444444444444444,
      8.833333333333334,
      20.61111111111111,
      47.460317460317455
    ],
    "throughput": [
      40.89728658914571,
      81.37022063666474,
      148.59696246806112,
      187.68154941373135,
      149.74244058031712
    ],
    "delay": [
      0.32363849460614535,
      0.32506949747247355,
      0.6188922348289791,
      0.644933607463156,
      0.6872954484559258
    ]
  }
}