{
  "parameters": {
    "timestamp": "06030657",
    "topology": "big",
    "duration": 180,
    "Congestion threshold": 0.5,
    "Load-balancing threshold": 0.4,
    "loads": [
      5,
      10,
      20,
      30,
      35
    ]
  },
  "hop_count": {
    "er": [
      0.2222222222222222,
      0.6666666666666667,
      0.5555555555555556,
      15.351851851851853,
      24.428571428571427
    ],
    "throughput": [
      40.37798884583995,
      80.23239321816644,
      160.79547416164527,
      204.8144594121018,
      213.74263773045325
    ],
    "tx": [
      2.0084009101502347,
      2.0083130686075097,
      2.002123554059247,
      2.0244091595061575,
      2.021464688065322
    ]
  },
  "wcett": {
    "er": [
      0.6666666666666667,
      0.6666666666666667,
      22.916666666666664,
      37.5,
      45.88888888888889
    ],
    "throughput": [
      40.17843527239615,
      80.13450681096802,
      123.84902616299912,
      150.87533737983986,
      152.2209883509366
    ],
    "tx": [
      2.24898133661923,
      2.2427046553667225,
      2.140847896971144,
      2.0535605421419496,
      2.010847703492267
    ]
  },
  "wcett_lb_post": {
    "er": [
      0.33333333333333337,
      0.6666666666666667,
      1.027777777777778,
      14.74074074074074,
      22.19047619047619
    ],
    "throughput": [
      40.32296257833347,
      80.01287302458833,
      160.02563819969913,
      204.80022580381313,
      219.5363108915655
    ],
    "tx": [
      2.4372949738433394,
      2.5170232601613804,
      2.3816016057619644,
      2.3827452288825652,
      2.186271905412678
    ]
  }
}