{
  "parameters": {
    "timestamp": "06022320",
    "topology": "small",
    "duration": 180,
    "Congestion threshold": 0.5,
    "Load-balancing threshold": 0.4,
    "loads": [
      5,
      10,
      20,
      30,
      35
    ]
  },
  "hop_count": {
    "er": [
      0.6666666666666667,
      0.33333333333333337,
      9.86111111111111,
      39.666666666666664,
      48.119346135534045
    ],
    "throughput": [
      40.355142128831176,
      80.9906627912086,
      146.00753024445646,
      146.40003432671404,
      146.68895009665192
    ],
    "tx": [
      1.6803638516389816,
      1.6585569608969035,
      1.6738630867886066,
      1.7834449361042424,
      1.791295206411857
    ]
  },
  "wcett": {
    "er": [
      0.2222222222222222,
      0.33333333333333337,
      21.666666666666668,
      39.75925925925926,
      48.20634920634921
    ],
    "throughput": [
      40.56033301745484,
      80.74939926965024,
      126.88356379306111,
      145.9538552643721,
      145.89218906131396
    ],
    "tx": [
      1.7025841572767908,
      1.684277604521982,
      1.6984706167633652,
      1.70393323920303,
      1.7970985182581816
    ]
  },
  "wcett_lb_post": {
    "er": [
      0.5555555555555556,
      0.33333333333333337,
      1.0274923632324355,
      11.481481481481481,
      24.22222222222222
    ],
    "throughput": [
      40.12128498316849,
      80.2541707020489,
      160.11796520168096,
      213.95696991635208,
      213.854202593865
    ],
    "tx": [
      1.8090018903742955,
      1.8218275036168603,
      1.8896606666204236,
      1.9409461995049002,
      1.983738024763148
    ]
  }
}