{
  "parameters": {
    "timestamp": "06031115",
    "algorithm": "wcett_lb_post",
    "topology": "big",
    "duration": 180,
    "Congestion threshold": 0.5,
    "Load-balancing threshold": 0.1,
    "loads": [
      5,
      10,
      20,
      30,
      35
    ]
  },
  "results": {
    "er": [
      0.4444444444444444,
      0.6111111111111112,
      0.6666666666666667,
      11.537037037037038,
      21.3015873015873
    ],
    "throughput": [
      40.33324838504426,
      80.48740255334556,
      160.22828416132842,
      212.85844542691956,
      219.80657578916868
    ],
    "tx": [
      2.2939458707613603,
      2.440289322126505,
      2.445517796931384,
      2.4204941733701473,
      2.3303512700289764
    ]
  }
}