{
  "parameters": {
    "timestamp": "06031146",
    "algorithm": "wcett_lb_pre",
    "topology": "big",
    "duration": 180,
    "Congestion threshold": 0.5,
    "Load-balancing threshold": 0.4,
    "loads": [
      5,
      10,
      20,
      30,
      35
    ]
  },
  "results": {
    "er": [
      0.8888888888888888,
      0.33333333333333337,
      0.4444444444444444,
      11.685185185185185,
      21.904761904761905
    ],
    "throughput": [
      40.14547002317797,
      80.17205611376522,
      160.64780077583208,
      213.34096143370607,
      220.3393917758979
    ],
    "tx": [
      2.487472014576865,
      2.5062091414346344,
      2.40129048257534,
      2.358157113103853,
      2.241620740464063
    ]
  }
}