{
  "parameters": {
    "timestamp": "06031043",
    "algorithm": "wcett_lb_pre",
    "topology": "big",
    "duration": 180,
    "Congestion threshold": 0.5,
    "Load-balancing threshold": 0.1,
    "loads": [
      5,
      10,
      20,
      30,
      35
    ]
  },
  "results": {
    "er": [
      0.6666666666666667,
      0.5,
      0.9166666666666666,
      12.203703703703704,
      21.23809523809524
    ],
    "throughput": [
      40.032925034694095,
      80.33967772532563,
      158.87275587393208,
      212.21124502716424,
      220.97692359797816
    ],
    "tx": [
      2.469286949575881,
      2.2885403947281744,
      2.4858364889125113,
      2.4150064594004883,
      2.309414982555471
    ]
  }
}