{
  "parameters": {
    "timestamp": "05161019",
    "topology": "small",
    "duration": 180,
    "loads": [
      5,
      10,
      20,
      30,
      35
    ]
  },
  "hop_count": {
    "er": [
      0.2222222222222222,
      0.055524708495280406,
      9.583333333333334,
      37.75925925925926,
      46.42857142857143
    ],
    "throughput": [
      40.75391606583225,
      80.95676686767725,
      146.02901141477324,
      150.8978897781159,
      151.62951212620837
    ],
    "delay": [
      1.0756809491091688,
      1.1085376417636872,
      1.082036799110026,
      1.053574310956488,
      1.0868464325798883
    ]
  },
  "wcett": {
    "er": [
      0.2222222222222222,
      0.2222222222222222,
      37.71174673701749,
      61.72222222222222,
      67.3015873015873
    ],
    "throughput": [
      40.83703484498324,
      81.51494210090091,
      101.76479129692365,
      93.79206887556042,
      93.30540195968358
    ],
    "delay": [
      0.4792879108331251,
      0.48079766024459974,
      0.49227280942021445,
      0.5627337014207993,
      0.5998938850986147
    ]
  },
  "wcett_lb_post": {
    "er": [
      0.5555555555555556,
      0.4444444444444444,
      2.833333333333333,
      8.37037037037037,
      29.444444444444446
    ],
    "throughput": [
      40.65028928956179,
      81.33553527973697,
      158.60039602851828,
      224.29667078900692,
      201.57546246317406
    ],
    "delay": [
      0.48170492635758894,
      0.4825422777129071,
      0.5710856730492201,
      0.5764850586195,
      0.6267634142370406
    ]
  },
  "wcett_lb_pre": {
    "er": [
      0.4444444444444444,
      0.16666666666666669,
      9.86111111111111,
      21.666666666666668,
      30.88888888888889
    ],
    "throughput": [
      40.6933477492234,
      81.56761252195663,
      146.7354271494753,
      191.87572970380324,
      196.92575773578625
    ],
    "delay": [
      0.4747496454843453,
      0.48312473230781194,
      0.6635518201143238,
      0.7060180658426127,
      0.6971922597591627
    ]
  }
}