{
  "parameters": {
    "timestamp": "05220908",
    "topology": "small",
    "duration": 180,
    "loads": [
      5,
      10,
      20,
      30,
      35
    ],
    "delta": 1
  },
  "hop_count": {
    "er": [
      0.1111111111111111,
      3.888888888888889,
      8.916666666666668,
      37.425925925925924,
      46.58730158730159
    ],
    "throughput": [
      40.784459841733366,
      77.85819038370677,
      147.18584099809934,
      151.96223514132132,
      151.01370630564512
    ],
    "delay": [
      1.0554272677662375,
      1.177275631469109,
      1.094206453714839,
      1.0795877133646319,
      1.068899962027041
    ]
  },
  "wcett": {
    "er": [
      0.0,
      0.16666666666666669,
      20.444444444444446,
      41.592592592592595,
      52.82539682539683
    ],
    "throughput": [
      40.92656935408254,
      81.6644312019848,
      130.07287393775752,
      143.12611758391398,
      134.93269114757553
    ],
    "delay": [
      0.46839317056867813,
      0.47153984870125204,
      0.47918149737339444,
      0.4920034536320572,
      0.5166999185069252
    ]
  },
  "wcett_lb_post": {
    "er": [
      0.0,
      0.2222222222222222,
      1.8333333333333333,
      20.685185185185183,
      30.682539682539684
    ],
    "throughput": [
      40.92547021432476,
      81.57695539604248,
      159.796308791987,
      193.83676353866815,
      197.13965718252865
    ],
    "delay": [
      0.4864804103639391,
      0.48029245127548353,
      0.6788631896886302,
      0.8153710134837105,
      0.8683632905679244
    ]
  },
  "wcett_lb_pre": {
    "er": [
      0.33333333333333337,
      0.2222222222222222,
      9.277777777777779,
      21.555555555555557,
      29.333333333333332
    ],
    "throughput": [
      40.7907099814158,
      81.55968194287985,
      146.72187181693718,
      191.3031644918442,
      202.04482480473632
    ],
    "delay": [
      0.4846198021900428,
      0.4896078742957593,
      0.8945204079406655,
      0.8780758213726725,
      0.8713680554485921
    ]
  }
}