{
  "parameters": {
    "timestamp": "06030941",
    "algorithm": "wcett_lb_post",
    "topology": "small",
    "duration": 180,
    "Congestion threshold": 0.5,
    "Load-balancing threshold": 0.7,
    "loads": [
      5,
      10,
      20,
      30,
      35
    ]
  },
  "results": {
    "er": [
      0.4444444444444444,
      0.16666666666666669,
      1.0833333333333335,
      8.11111111111111,
      20.96825396825397
    ],
    "throughput": [
      40.4417872359713,
      81.1913045673329,
      159.59632417571433,
      222.13442595582293,
      223.67377033518846
    ],
    "tx": [
      1.8422068165881293,
      1.8252431404345155,
      1.9559600453670023,
      1.9803582419315109,
      1.9886446610634814
    ]
  }
}